bucket,series,name,id,page
real,15th Anniversary Cake,Colorful Cake Rabbit,page-79-05-colorful-cake-rabbit,79
real,15th Anniversary Robby Angel,Four Leaf Clover Robby Angel,page-79-09-four-leaf-clover-robby-angel,79
real,15th Anniversary Robby Angel,Heart Robby Angel,page-79-08-heart-robby-angel,79
real,15th Anniversary Robby Angel,Star Robby Angel,page-79-07-star-robby-angel,79
real,15th Anniversary Robby Angel,Strawberry Robby Angel,page-79-06-strawberry-robby-angel,79
real,17th Anniversary,17th Anniversary,page-78-12-17th-anniversary,78
real,18th Anniversary,18th Anniversary,page-78-11-18th-anniversary,78
real,19th Anniversary,19th Anniversary,page-78-10-19th-anniversary,78
real,Anniversary Decorations,Anniversary Decorations,page-78-01-anniversary-decorations,78
real,Birthday Party Special Color 2015,Birthday Party Special Color 2015,page-78-05-birthday-party-special-color-2015,78
real,Birthday Party Special Color 2015,Birthday Party Special Color 2015,page-78-06-birthday-party-special-color-2015,78
real,Bobbing Head LOG-ON 20th Anniversary Limited,Elephant,page-89-09-elephant,89
real,Bobbing Head LOG-ON 20th Anniversary Limited,Mouse,page-89-10-mouse,89
real,Bobbing Head LOG-ON 20th Anniversary Limited,Rabbit,page-89-08-rabbit,89
real,Cactus Series,Cactus Robby Angel,page-46-18-cactus-robby-angel,46
real,Cactus Series,Mexican Cactus,page-46-13-mexican-cactus,46
real,Cactus Series,Pink Monkey,page-46-15-pink-monkey,46
real,Cactus Series,Pink Mouse,page-46-16-pink-mouse,46
real,Cactus Series,Pink Parrot,page-46-17-pink-parrot,46
real,Cactus Series,Pink Rabbit,page-46-14-pink-rabbit,46
real,Chocolate Series 2016,Berrys Chocolate,page-38-18-berrys-chocolate,38
real,Chocolate Series 2016,Cherry Chocolate Robby Angel,page-38-21-cherry-chocolate-robby-angel,38
real,Chocolate Series 2016,Kiwi Chocolate,page-38-17-kiwi-chocolate,38
real,Chocolate Series 2016,Kiwi Chocolate,page-38-20-kiwi-chocolate,38
real,Chocolate Series 2016,Orange Chocolate,page-38-15-orange-chocolate,38
real,Chocolate Series 2016,Orange Chocolate,page-38-19-orange-chocolate,38
real,Chocolate Series 2016,Strawberry Chocolate,page-38-16-strawberry-chocolate,38
real,Christmas Ornament Series 2014,Pink Reindeer,page-35-12-pink-reindeer,35
real,Christmas Ornament Series 2014,Pink Santa Claus,page-35-11-pink-santa-claus,35
real,Christmas Ornament Series 2014,Pink Snowman,page-35-13-pink-snowman,35
real,Christmas Ornament Series 2014,Silver Reindeer,page-35-15-silver-reindeer,35
real,Christmas Ornament Series 2014,Silver Santa Claus,page-35-14-silver-santa-claus,35
real,Christmas Ornament Series 2014,Silver Snowman,page-35-16-silver-snowman,35
real,Christmas Series 2006,Reindeer,page-34-10-reindeer,34
real,Christmas Series 2006,Santa Claus,page-34-09-santa-claus,34
real,Christmas Series 2007,Reindeer,page-34-06-reindeer,34
real,Christmas Series 2007,Reindeer,page-34-08-reindeer,34
real,Christmas Series 2007,Santa Claus,page-34-05-santa-claus,34
real,Christmas Series 2007,Santa Claus,page-34-07-santa-claus,34
real,Christmas Series 2008,Bell,page-32-24-bell,32
real,Christmas Series 2008,Christmas Cone,page-32-23-christmas-cone,32
real,Christmas Series 2008,Santa Claus,page-32-21-santa-claus,32
real,Christmas Series 2008,Santa Claus,page-32-25-santa-claus,32
real,Christmas Series 2008,Snowman,page-32-22-snowman,32
real,Christmas Series 2008 Sample,Bell,page-34-04-bell,34
real,Christmas Series 2008 Sample,Christmas Cone,page-34-03-christmas-cone,34
real,Christmas Series 2008 Sample,Santa Claus,page-34-01-santa-claus,34
real,Christmas Series 2008 Sample,Snowman,page-34-02-snowman,34
real,Christmas Series 2009,Angel,page-32-19-angel,32
real,Christmas Series 2009,Reindeer,page-32-18-reindeer,32
real,Christmas Series 2009,Santa Claus,page-32-17-santa-claus,32
real,Christmas Series 2009,Santa Claus,page-32-20-santa-claus,32
real,Christmas Series 2010,Reindeer,page-32-14-reindeer,32
real,Christmas Series 2010,Reindeer,page-32-16-reindeer,32
real,Christmas Series 2010,Santa Claus,page-32-13-santa-claus,32
real,Christmas Series 2010,Santa Claus,page-32-15-santa-claus,32
real,Christmas Series 2011,Cross Pendant,page-32-11-cross-pendant,32
real,Christmas Series 2011,Reindeer,page-32-09-reindeer,32
real,Christmas Series 2011,Santa Claus,page-32-07-santa-claus,32
real,Christmas Series 2011,Snowflake Pendant,page-32-12-snowflake-pendant,32
real,Christmas Series 2011,Snowman,page-32-08-snowman,32
real,Christmas Series 2011,Star Pendant,page-32-10-star-pendant,32
real,Christmas Series 2012,Christmas Cake,page-32-04-christmas-cake,32
real,Christmas Series 2012,Reindeer,page-32-02-reindeer,32
real,Christmas Series 2012,Reindeer,page-32-06-reindeer,32
real,Christmas Series 2012,Santa Claus,page-32-01-santa-claus,32
real,Christmas Series 2012,Santa Claus,page-32-05-santa-claus,32
real,Christmas Series 2012,Tree Cape,page-32-03-tree-cape,32
real,Christmas Series 2013,Gingerbread Man,page-33-25-gingerbread-man,33
real,Christmas Series 2013,Reindeer,page-33-24-reindeer,33
real,Christmas Series 2013,Reindeer,page-33-27-reindeer,33
real,Christmas Series 2013,Santa Claus,page-33-22-santa-claus,33
real,Christmas Series 2013,Santa Claus,page-33-26-santa-claus,33
real,Christmas Series 2013,Snowman,page-33-23-snowman,33
real,Christmas Series 2014,Blue Snow Robby Angel,page-33-21-blue-snow-robby-angel,33
real,Christmas Series 2014,Chocolate Cake,page-33-17-chocolate-cake,33
real,Christmas Series 2014,Poinsettia,page-33-18-poinsettia,33
real,Christmas Series 2014,Reindeer,page-33-16-reindeer,33
real,Christmas Series 2014,Reindeer,page-33-20-reindeer,33
real,Christmas Series 2014,Santa Claus,page-33-15-santa-claus,33
real,Christmas Series 2014,Santa Claus,page-33-19-santa-claus,33
real,Christmas Series 2015,Christmas Candle,page-33-11-christmas-candle,33
real,Christmas Series 2015,Christmas Tree,page-33-10-christmas-tree,33
real,Christmas Series 2015,Reindeer,page-33-09-reindeer,33
real,Christmas Series 2015,Reindeer,page-33-13-reindeer,33
real,Christmas Series 2015,Santa Claus,page-33-08-santa-claus,33
real,Christmas Series 2015,Santa Claus,page-33-12-santa-claus,33
real,Christmas Series 2015,White Snow Robby Angel,page-33-14-white-snow-robby-angel,33
real,Christmas Series 2016,Gingerbread Robby Angel,page-33-07-gingerbread-robby-angel,33
real,Christmas Series 2018,Classic Robby Angel,page-31-15-classic-robby-angel,31
real,Christmas Series 2020 Presents from Sonny Angel,Angel,page-31-07-angel,31
real,Christmas Series 2020 Presents from Sonny Angel,Angel Robby Angel,page-31-08-angel-robby-angel,31
real,Christmas Series 2021 Dreaming Christmas,Santa's Helper Mouse,page-30-18-santa-s-helper-mouse,30
real,Christmas Series 2021 Dreaming Christmas,Santa's Helper Robby Angel,page-30-19-santa-s-helper-robby-angel,30
real,Collaboration Kamawanu,Cactus,page-95-02-cactus,95
real,Collaboration Kamawanu,Carrot Rabbit,page-95-05-carrot-rabbit,95
real,Collaboration Kamawanu,Japanese Good Luck,page-95-01-japanese-good-luck,95
real,Collaboration Kamawanu,Rose,page-95-04-rose,95
real,Collaboration Kamawanu,Step and Repeat Rabbit,page-95-06-step-and-repeat-rabbit,95
real,Collaboration Kamawanu,Strawberry,page-95-03-strawberry,95
real,Dashin Socks Child of the Stars,Bed,page-70-10-bed,70
real,Dashin Socks Child of the Stars,Flamingo,page-70-11-flamingo,70
real,Dashin Socks Child of the Stars,Fruit Dish,page-70-13-fruit-dish,70
real,Dashin Socks Child of the Stars,My Kitty,page-70-12-my-kitty,70
real,Dashin Socks Child of the Stars,Potted Plant,page-70-14-potted-plant,70
real,Dog Time Series,Bull Terrier Robby Angel,page-57-14-bull-terrier-robby-angel,57
real,Dog Time Series,Doberman,page-57-09-doberman,57
real,Dog Time Series,Lucky Pomeranian Blue,page-57-10-lucky-pomeranian-blue,57
real,Dog Time Series,Lucky Pomeranian Orange,page-57-11-lucky-pomeranian-orange,57
real,Dog Time Series,Lucky Pomeranian Pink,page-57-12-lucky-pomeranian-pink,57
real,Francfranc Christmas Series 2007,Reindeer,page-73-10-reindeer,73
real,Francfranc Christmas Series 2007,Reindeer,page-73-12-reindeer,73
real,Francfranc Christmas Series 2007,Santa Claus,page-73-11-santa-claus,73
real,Francfranc Christmas Series 2007,Santa Clause,page-73-09-santa-claus,73
real,H Family Series,Akari,page-70-15-akari,70
real,H Family Series,Little Child,page-70-18-little-child,70
real,H Family Series,Little H,page-70-16-little-h,70
real,H Family Series,Little O,page-70-17-little-o,70
real,H Family Series,Saun-Nomini,page-70-19-saun-nomini,70
real,H Family Series,Scarecrow,page-70-20-scarecrow,70
real,Halloween Series 2007,Ghost,page-43-06-ghost,43
real,Halloween Series 2007,Ghost,page-43-08-ghost,43
real,Halloween Series 2007,Pumpkin,page-43-05-pumpkin,43
real,Halloween Series 2007,Pumpkin,page-43-07-pumpkin,43
real,Halloween Series 2012,Mummy,page-43-01-mummy,43
real,Halloween Series 2014,Cat,page-42-25-cat,42
real,Halloween Series 2014,Ghost,page-42-22-ghost,42
real,Halloween Series 2014,Ghost,page-42-26-ghost,42
real,Halloween Series 2014,Pumpkin,page-42-24-pumpkin,42
real,Halloween Series 2014,Pumpkin Robby Angel,page-42-28-pumpkin-robby-angel,42
real,Halloween Series 2014,Witch,page-42-23-witch,42
real,Halloween Series 2014,Witch,page-42-27-witch,42
real,Halloween Series 2015,Skeleton Robby Angel,page-42-21-skeleton-robby-angel,42
real,Halloween Series 2016,Zombie Robby Angel,page-42-14-zombie-robby-angel,42
real,Halloween Series 2018,Dreamy Robby Angel,page-42-07-dreamy-robby-angel,42
real,Halloween Series 2018,Owl,page-42-04-owl,42
real,Halloween Series 2021 Additional Secret,Pumpkin Pants Robby Angel (Green),page-41-12-pumpkin-pants-robby-angel-green,41
real,Halloween Series 2021 Additional Secret,Pumpkin Pants Robby Angel (Orange),page-41-10-pumpkin-pants-robby-angel-orange,41
real,Halloween Series 2021 Additional Secret,Pumpkin Pants Robby Angel (Pink),page-41-13-pumpkin-pants-robby-angel-pink,41
real,Halloween Series 2021 Additional Secret,Pumpkin Pants Robby Angel (Purple),page-41-11-pumpkin-pants-robby-angel-purple,41
real,Halloween Series 2021 Additional Secret,Rabbit Pumpkin (Green),page-41-09-rabbit-pumpkin-green,41
real,Halloween Series 2021 Additional Secret,Rabbit Pumpkin (Orange),page-41-07-rabbit-pumpkin-orange,41
real,Halloween Series 2021 Additional Secret,Rabbit Pumpkin (Purple),page-41-08-rabbit-pumpkin-purple,41
real,MODI Collaboration Series 2014,Cactus,page-72-09-cactus,72
real,MODI Collaboration Series 2014,Carnation,page-72-11-carnation,72
real,MODI Collaboration Series 2014,Cheery Blossom,page-72-08-cheery-blossom,72
real,MODI Collaboration Series 2014,Lily Bell,page-72-13-lily-bell,72
real,MODI Collaboration Series 2014,Morning Glory,page-72-12-morning-glory,72
real,MODI Collaboration Series 2014,Rose,page-72-10-rose,72
real,MODI Collaboration Series 2015,Fawn,page-72-15-fawn,72
real,MODI Collaboration Series 2015,French Bulldog,page-72-17-french-bulldog,72
real,MODI Collaboration Series 2015,Giraffe,page-72-16-giraffe,72
real,MODI Collaboration Series 2015,Rabbit,page-72-14-rabbit,72
real,MODI Collaboration Series 2015,Rabbit,page-72-18-rabbit,72
real,NYLON 15th Anniversary Series,Monkey,page-72-07-monkey,72
real,NYLON 15th Anniversary Series,Rabbit,page-72-06-rabbit,72
real,Sonny Angel Store 100Pt Crown Figure,Blue Topaz,page-76-02-blue-topaz,76
real,Sonny Angel Store 100Pt Crown Figure,Garnet,page-76-03-garnet,76
real,Sonny Angel Store 100Pt Crown Figure,Rose Quartz,page-76-01-rose-quartz,76
real,Special Color 2014,American Shorthair,page-66-21-american-shorthair,66
real,Special Color 2014,Apple,page-66-20-apple,66
real,Special Color 2014,Bear,page-66-17-bear,66
real,Special Color 2014,Cheetah,page-66-18-cheetah,66
real,Special Color 2014,Rose,page-66-24-rose,66
real,Special Color 2014,Shiba Inu,page-66-22-shiba-inu,66
real,Special Color 2014,Starfish,page-66-23-starfish,66
real,Special Color 2014,Tomato,page-66-19-tomato,66
real,Special Color 2016,Cow,page-66-14-cow,66
real,Special Color 2016,Duck,page-66-16-duck,66
real,Special Color 2016,Frog,page-66-09-frog,66
real,Special Color 2016,Gorilla,page-66-10-gorilla,66
real,Special Color 2016,Lily Bell,page-66-15-lily-bell,66
real,Special Color 2016,Onion,page-66-11-onion,66
real,Special Color 2016,Pineapple,page-66-12-pineapple,66
real,Special Color 2016,Seal,page-66-13-seal,66
real,Summer Series 2018,Light Blue T-shirt,page-48-07-light-blue-t-shirt,48
real,Summer Series Caribbean Sea Version 2016,Sky Blue Panama Hat,page-47-16-sky-blue-panama-hat,47
real,T-shirt Series 1300K Version,Dream Come True,page-74-20-dream-come-true,74
real,T-shirt Series 1300K Version,Free Your Style,page-74-22-free-your-style,74
real,T-shirt Series 1300K Version,Good Luck,page-74-17-good-luck,74
real,T-shirt Series 1300K Version,I'm Genie,page-74-19-i-m-genie,74
real,T-shirt Series 1300K Version,It's OK,page-74-18-it-s-ok,74
real,T-shirt Series 1300K Version,Try Again,page-74-21-try-again,74
real,Valentine Series (2020),Chocolate Toy Poodle,page-37-13-chocolate-toy-poodle,37
real,Valentine's Day Series 2015,Bitter Chocolate,page-38-24-bitter-chocolate,38
real,Valentine's Day Series 2015,Milk Chocolate,page-38-25-milk-chocolate,38
real,Valentine's Day Series 2015,Mint Chocolate,page-38-26-mint-chocolate,38
real,Valentine's Day Series 2015,Mint Chocolate,page-38-27-mint-chocolate,38
real,Valentine's Day Series 2015,Mint Chocolate Robby Angel,page-38-28-mint-chocolate-robby-angel,38
real,Valentine's Day Series 2015,Strawberry Chocolate,page-38-22-strawberry-chocolate,38
real,Valentine's Day Series 2015,White Chocolate,page-38-23-white-chocolate,38
real,Valentine's Day Series 2017,Plushie Angel Robby Angel,page-38-14-plushie-angel-robby-angel,38
real,Valentine's Day Series 2018,Rose Robby Angel,page-38-07-rose-robby-angel,38
sus,6 University Series Prototype,Hosei University,page-74-14-hosei-university,74
sus,6 University Series Prototype,Keio University,page-74-11-keio-university,74
sus,6 University Series Prototype,Meiji University,page-74-15-meiji-university,74
sus,6 University Series Prototype,Pass,page-74-16-pass,74
sus,6 University Series Prototype,Rikkyo University,page-74-13-rikkyo-university,74
sus,6 University Series Prototype,Tokyo University,page-74-10-tokyo-university,74
sus,6 University Series Prototype,Waseda University,page-74-12-waseda-university,74
sus,Alphabet Key Chain,A,page-91-01-a,91
sus,Alphabet Key Chain,B,page-91-02-b,91
sus,Alphabet Key Chain,C,page-91-03-c,91
sus,Alphabet Key Chain,D,page-91-04-d,91
sus,Alphabet Key Chain,E,page-91-05-e,91
sus,Alphabet Key Chain,F,page-91-06-f,91
sus,Alphabet Key Chain,G,page-91-07-g,91
sus,Alphabet Key Chain,H,page-91-08-h,91
sus,Alphabet Key Chain,I,page-91-09-i,91
sus,Alphabet Key Chain,J,page-91-10-j,91
sus,Alphabet Key Chain,K,page-91-11-k,91
sus,Alphabet Key Chain,M,page-91-12-m,91
sus,Alphabet Key Chain,N,page-91-13-n,91
sus,Alphabet Key Chain,O,page-91-14-o,91
sus,Alphabet Key Chain,R,page-91-15-r,91
sus,Alphabet Key Chain,S,page-91-16-s,91
sus,Alphabet Key Chain,T,page-91-17-t,91
sus,Alphabet Key Chain,U,page-91-18-u,91
sus,Alphabet Key Chain,W,page-91-19-w,91
sus,Alphabet Key Chain,Y,page-91-20-y,91
sus,Animal Series Ver. 1,Chipmunk,page-10-13-chipmunk,10
sus,Animal Series Ver. 1,Robby Angel,page-10-14-robby-angel,10
sus,Animal Series Ver. 2,Deer,page-11-11-reindeer,11
sus,Animal Series Ver. 2,Robby Angel,page-11-14-robby-angel,11
sus,Animal Series Ver. 3,Robby Angel,page-12-14-robby-angel,12
sus,Animal Series Ver. 4,Dragon,page-13-13-dragon,13
sus,Animal Series Ver. 4,Robby Angel,page-13-14-robby-angel,13
sus,Birthday Gift,Special Cake,page-23-11-special-cake,23
sus,Black Pineapple -Love You-,Golden Pineapple,page-75-18-golden-pineapple,75
sus,Black Pineapple -Love You-,Green Pineapple,page-75-17-green-pineapple,75
sus,Black Pineapple -Love You-,Red Pineapple,page-75-16-red-pineapple,75
sus,Bobbing Head Limited Color Ver.,Elephant,page-90-17-elephant,90
sus,Bobbing Head Limited Color Ver.,Frog,page-90-18-frog,90
sus,Bobbing Head Limited Color Ver.,Koala,page-90-15-koala,90
sus,Bobbing Head Limited Color Ver.,Panda,page-90-14-panda,90
sus,Bobbing Head Limited Color Ver.,Rabbit,page-90-13-rabbit,90
sus,Bobbing Head Limited Color Ver.,Sheep,page-90-16-sheep,90
sus,Bobbing Head Series 2,Cow,page-90-07-cow,90
sus,Bobbing Head Series 2,Mouse,page-90-09-mouse,90
sus,Bobbing Head Series 2,Pig,page-90-08-pig,90
sus,Bobbing Head Shanghai Metro City Event Ver.,Elephant,page-90-24-elephant,90
sus,Bobbing Head Shanghai Metro City Event Ver.,Pig,page-90-23-pig,90
sus,Bobbing Head Shanghai Metro City Event Ver.,Rabbit,page-90-22-rabbit,90
sus,Bobbing Head Vivid Color Ver.,Elephant,page-90-20-elephant,90
sus,Bobbing Head Vivid Color Ver.,Rabbit,page-90-19-rabbit,90
sus,Bobbing Head Vivid Color Ver.,Sheep,page-90-21-sheep,90
sus,Cherry Blossom Series,Cherry,page-45-17-cherry,45
sus,Cherry Blossom Series,Cherry Robby Angel,page-45-18-cherry-robby-angel,45
sus,Cherry Blossom Series -Night Version-,Cherry,page-45-11-cherry,45
sus,Cherry Blossom Series -Night Version-,Cherry Robby Angel,page-45-12-cherry-robby-angel,45
sus,Cherry Blossom Series -Peaceful Spring Edition-,Cherry,page-45-05-cherry,45
sus,Cherry Blossom Series -Peaceful Spring Edition-,Cherry Robby Angel,page-45-06-cherry-robby-angel,45
sus,Chinese Festival,Monkey,page-76-05-monkey,76
sus,Chinese Festival,Mouse,page-76-06-mouse,76
sus,Chinese Festival,Pig,page-76-07-pig,76
sus,Chinese Festival,Rabbit,page-76-04-rabbit,76
sus,Chinoiserie Series,Lantern Dragon,page-62-07-lantern-dragon,62
sus,Chinoiserie Series,Lantern Robby Angel,page-62-08-lantern-robby-angel,62
sus,Christmas Dinner Series,Dinner Rabbit,page-29-08-dinner-rabbit,29
sus,Christmas Dinner Series,Dinner Robby Angel,page-29-06-dinner-robby-angel,29
sus,Christmas Ornament 2023,Wooden Christmas Tree Ornament Type,page-34-18-wooden-christmas-tree-ornament-type,34
sus,Circus Series,Clown Robby Angel,page-53-16-clown-robby-angel,53
sus,Circus Series,Silk Hat Rabbit,page-53-15-silk-hat-rabbit,53
sus,Circus Series -Join the Circus Editon-(2022),Long Legged Clown Robby Angel,page-53-08-long-legged-clown-robby-angel,53
sus,Circus Series -Join the Circus Editon-(2022),Merry-go-round,page-53-07-merry-go-round,53
sus,Collaboration WAAC 2022,Black,page-70-08-black,70
sus,Collaboration WAAC 2022,Green,page-70-06-green,70
sus,Collaboration WAAC 2022,Red,page-70-07-red,70
sus,Collaboration WAAC 2022,White,page-70-05-white,70
sus,Collaboration WAAC 2023,Brown,page-70-03-brown,70
sus,Collaboration WAAC 2023,Green,page-70-02-green,70
sus,Collaboration WAAC 2023,Navy,page-70-04-navy,70
sus,Collaboration WAAC 2023,Pink,page-70-01-pink,70
sus,Collector's Trophy,Collector's Trophy Rabbit Red,page-86-10-collector-s-trophy-rabbit-red,86
sus,Collector's Trophy,Authorized Dealer's Trophy Rabbit Gold,page-87-03-authorized-dealer-s-trophy-rabbit-gold,87
sus,Collector's Trophy,Authorized Dealer's Trophy Rabbit Pink,page-87-04-authorized-dealer-s-trophy-rabbit-pink,87
sus,Collector's Trophy,Collector's Trophy 18th Anniversary,page-87-11-collector-s-trophy-18th-anniversary,87
sus,Collector's Trophy,Collector's Trophy Elephant Blue,page-87-10-collector-s-trophy-elephant-blue,87
sus,Collector's Trophy,Collector's Trophy Lucky Cat L size,page-87-12-collector-s-trophy-lucky-cat-l-size,87
sus,Collector's Trophy,Collector's Trophy Lucky Cat S size,page-87-13-collector-s-trophy-lucky-cat-s-size,87
sus,Collector's Trophy,Collector's Trophy Rabbit Blue,page-87-09-collector-s-trophy-rabbit-blue,87
sus,Collector's Trophy,Collector's Trophy Rabbit Pink,page-87-02-collector-s-trophy-rabbit-pink,87
sus,Collector's Trophy,Collector's Trophy Rabbit White,page-87-01-collector-s-trophy-rabbit-white,87
sus,Collector's Trophy,Collector's Trophy Robby Angel Blue,page-87-05-collector-s-trophy-robby-angel-blue,87
sus,Collector's Trophy,Collector's Trophy Robby Angel Gold,page-87-08-collector-s-trophy-robby-angel-gold,87
sus,Collector's Trophy,Collector's Trophy Robby Angel Pink,page-87-06-collector-s-trophy-robby-angel-pink,87
sus,Collector's Trophy,Collector's Trophy Robby Angel Violet,page-87-07-collector-s-trophy-robby-angel-violet,87
sus,Collectors Trophy Special Color 2014,Dragon,page-65-15-dragon,65
sus,Collectors Trophy Special Color 2014,Shiitake,page-65-12-shiitake,65
sus,Collectors Trophy Special Color 2014,Turtle,page-65-11-turtle,65
sus,Complete Guide Book Exclusive Figures,10th Anniversary Limited Edition,page-80-19-10th-anniversary-limited-edition,80
sus,Complete Guide Book Exclusive Figures,Kiss Mark Leopard Rabbit,page-80-17-kiss-mark-leopard-rabbit,80
sus,Complete Guide Book Exclusive Figures,Rabbit,page-80-16-rabbit,80
sus,Complete Guide Book Exclusive Figures,Robby Angel,page-80-15-robby-angel,80
sus,Complete Guide Book Exclusive Figures,Sonny Angel 15th Anniversary Limited Edition,page-80-18-sonny-angel-15th-anniversary-limited-edition,80
sus,Dreams Inc. New Year Card Figures,Cow 2021,page-81-04-cow-2021,81
sus,Dreams Inc. New Year Card Figures,Dragon 2024,page-81-01-dragon-2024,81
sus,Dreams Inc. New Year Card Figures,Mouse 2020,page-81-05-mouse-2020,81
sus,Dreams Inc. New Year Card Figures,Robby 2023,page-81-03-robby-2023,81
sus,Dreams Inc. New Year Card Figures,Tiger 2022,page-81-02-tiger-2022,81
sus,Dreams Inc. New Year Card Figures,Uribou 2019,page-81-06-uribou-2019,81
sus,EXCEPTION The Living Sea Blue,Blowfish,page-70-21-blowfish,70
sus,EXCEPTION The Living Sea Blue,Seahorse,page-70-22-seahorse,70
sus,EXCEPTION The Living Sea Blue,Whale,page-70-23-whale,70
sus,Easter Series,Burry Designs With,page-40-13-burry-designs-with,40
sus,Easter Series,By Decorated Easter,page-40-09-by-decorated-easter,40
sus,Easter Series,Chocolate,page-40-02-chocolate,40
sus,Easter Series,Easter,page-40-16-easter,40
sus,Easter Series,Easter Agg,page-40-12-easter-agg,40
sus,Easter Series,Easter Bunny,page-40-17-easter-bunny,40
sus,Easter Series,Extra Hitter Cheestate,page-40-20-extra-hitter-cheestate,40
sus,Easter Series,Koala Bunny,page-40-15-koala-bunny,40
sus,Easter Series,Milic,page-40-22-milic,40
sus,Easter Series,Rabbit,page-40-19-rabbit,40
sus,Easter Series,Robby Angel Eog,page-40-01-robby-angel-eog,40
sus,Easter Series,Robhy Hot Angel,page-40-18-robhy-hot-angel,40
sus,Easter Series,TAF,page-40-05-taf,40
sus,Easter Series,White,page-40-21-white,40
sus,Easter Series,White Chocolate,page-40-23-white-chocolate,40
sus,Flower Series,Robby Angel,page-15-14-robby-angel,15
sus,Follow Your Heart,Blue Rabbit,page-78-07-blue-rabbit,78
sus,Follow Your Heart,Robby Angel,page-78-09-robby-angel,78
sus,Follow Your Heart,Yellow Rabbit,page-78-08-yellow-rabbit,78
sus,Francfranc 20th Anniversary,Apple,page-73-19-apple,73
sus,Francfranc 20th Anniversary,Blowfish,page-73-17-blowfish,73
sus,Francfranc 20th Anniversary,Duck,page-73-16-duck,73
sus,Francfranc 20th Anniversary,Elephant,page-73-13-elephant,73
sus,Francfranc 20th Anniversary,Green Pepper,page-73-18-green-pepper,73
sus,Francfranc 20th Anniversary,Hippopotamus,page-73-15-hippopotamus,73
sus,Francfranc 20th Anniversary,Sheep,page-73-14-sheep,73
sus,Francfranc Lucky Bag 2007,Uribou Blue,page-73-01-uribou-blue,73
sus,Francfranc Lucky Bag 2007,Uribou Green,page-73-02-uribou-green,73
sus,Francfranc Lucky Bag 2007,Uribou Pink,page-73-03-uribou-pink,73
sus,Francfranc Lucky Bag 2007,Uribou Red,page-73-04-uribou-red,73
sus,Francfranc Lucky Bag 2007,Uribou White,page-73-05-uribou-white,73
sus,Francfranc Lucky Bag 2008,Mouse Gold,page-73-08-mouse-gold,73
sus,Francfranc Lucky Bag 2008,Mouse Red,page-73-06-mouse-red,73
sus,Francfranc Lucky Bag 2008,Mouse White,page-73-07-mouse-white,73
sus,Good Feel Collaboration Series,Sheep Pink,page-74-03-sheep-pink,74
sus,Good Feel Collaboration Series,Sheep Purple,page-74-05-sheep-purple,74
sus,Good Feel Collaboration Series,Sheep White,page-74-04-sheep-white,74
sus,Happy New Year Series 2021,Cow,page-52-04-cow,52
sus,Happy New Year Series 2021,Rabbit,page-52-03-rabbit,52
sus,Happy New Year Series 2023,Happy Rabbit,page-52-01-happy-rabbit,52
sus,Happy New Year Series 2023,Lucky Lop Ear Rabbit,page-52-02-lucky-lop-ear-rabbit,52
sus,Hippers Harvest Series,Seed Leaf,page-27-13-seed-leaf,27
sus,Hippers Looking Back Series,Chipmunk,page-25-11-chipmunk,25
sus,Hong Kong Paper Display Kit,Rabbit,page-70-09-rabbit,70
sus,ISETAN Display Special Color,Acorn Orange,page-65-27-acorn-orange,65
sus,ISETAN Display Special Color,Acorn Red,page-65-28-acorn-red,65
sus,ISETAN Display Special Color,Acorn Yellow,page-65-26-acorn-yellow,65
sus,ISETAN Display Special Color,Elephant Green,page-65-23-elephant-green,65
sus,ISETAN Display Special Color,Elephant Light Green,page-65-22-elephant-light-green,65
sus,ISETAN Display Special Color,Morning Glory Pink,page-65-17-morning-glory-pink,65
sus,ISETAN Display Special Color,Morning Glory Purple,page-65-18-morning-glory-purple,65
sus,ISETAN Display Special Color,Owl Orange,page-65-24-owl-orange,65
sus,ISETAN Display Special Color,Owl Orange Wink,page-65-25-owl-orange-wink,65
sus,ISETAN Display Special Color,Reindeer Green,page-65-29-reindeer-green,65
sus,ISETAN Display Special Color,Reindeer White,page-65-30-reindeer-white,65
sus,ISETAN Display Special Color,Rose Purple,page-65-16-rose-purple,65
sus,ISETAN Display Special Color,Starfish Blue,page-65-20-starfish-blue,65
sus,ISETAN Display Special Color,Starfish Dark Blue,page-65-21-starfish-dark-blue,65
sus,ISETAN Display Special Color,Starfish Light Blue,page-65-19-starfish-light-blue,65
sus,Jet Magazine,Jet 7th Anniversary,page-74-01-jet-7th-anniversary,74
sus,L'OCCITANE Collaboration Rose Series,Rose Basket,page-74-06-rose-basket,74
sus,L'OCCITANE Collaboration Rose Series,Rose Bouquet,page-74-08-rose-bouquet,74
sus,L'OCCITANE Collaboration Rose Series,Single Rose,page-74-07-single-rose,74
sus,L'OCCITANE Collaboration Rose Series,Single Rose,page-74-09-single-rose,74
sus,Limited,Buffalo Yellow,page-77-10-buffalo-yellow,77
sus,Limited,Cow Gold,page-77-05-cow-gold,77
sus,Limited,Crown,page-77-09-crown,77
sus,Limited,MARCHAND DE LEGUMES,page-77-06-marchand-de-legumes,77
sus,Limited,Normal,page-77-01-normal,77
sus,Limited,Rabbit Blue,page-77-07-rabbit-blue,77
sus,Limited,Rabbit White,page-77-08-rabbit-white,77
sus,Limited,Sunburn,page-77-02-sunburn,77
sus,Limited,T-shirt With Mini Figure,page-77-03-t-shirt-with-mini-figure,77
sus,Limited,T-shirt With Mini Figure Red Rabbit,page-77-04-t-shirt-with-mini-figure-red-rabbit,77
sus,Lucky Meow Meow Series,Celebrate Meow,page-75-12-celebrate-meow,75
sus,Lucky Meow Meow Series,Happy Meow,page-75-13-happy-meow,75
sus,Lucky Meow Meow Series,Lucky Meow,page-75-15-lucky-meow,75
sus,Lucky Meow Meow Series,Surprise Meow,page-75-14-surprise-meow,75
sus,Marine Series,Robby Angel,page-14-14-robby-angel,14
sus,Marine Series,Turtle,page-14-13-turtle,14
sus,Master Collection -Rabbit-,Clover Rabbit,page-83-06-clover-rabbit,83
sus,Master Collection -Rabbit-,Heart Rabbit,page-83-05-heart-rabbit,83
sus,Master Collection -Rabbit-,Rabbit,page-83-07-rabbit,83
sus,Mini Figure Strap Animal Version,Elephant,page-92-19-elephant,92
sus,Mini Figure Strap Animal Version,Frog,page-92-16-frog,92
sus,Mini Figure Strap Animal Version,Monkey,page-92-17-monkey,92
sus,Mini Figure Strap Animal Version,Panda,page-92-18-panda,92
sus,Mini Figure Strap Animal Version,Rabbit,page-92-15-rabbit,92
sus,Mini Figure Strap Animal Version,Tiger,page-92-14-tiger,92
sus,My Crew Bag,My Crew Bag,page-93-05-my-crew-bag,93
sus,NYLON 10th Anniversary Series,Cheetah,page-72-02-cheetah,72
sus,NYLON 10th Anniversary Series,Dalmatian,page-72-04-dalmatian,72
sus,NYLON 10th Anniversary Series,Elephant,page-72-05-elephant,72
sus,NYLON 10th Anniversary Series,Frog,page-72-03-frog,72
sus,NYLON 10th Anniversary Series,Rabbit,page-72-01-rabbit,72
sus,Never Sold Limited Models,Dragon Pink,page-76-14-dragon-pink,76
sus,Never Sold Limited Models,Dragon Pink,page-76-15-dragon-pink,76
sus,Okinawa Series,Pineapple Robby Angel,page-63-08-pineapple-robby-angel,63
sus,Okinawa Series,Pineapple Swimmer,page-63-07-pineapple-swimmer,63
sus,Photo Contest Travel Figure 2015,Photo Contest Travel Figure 2015,page-78-04-photo-contest-travel-figure-2015,78
sus,Photo Contest Travel Figure 2016,Photo Contest Travel Figure 2016,page-78-03-photo-contest-travel-figure-2016,78
sus,Prototypes,Catfish,page-75-05-catfish,75
sus,Prototypes,Closed Eyes,page-75-09-closed-eyes,75
sus,Prototypes,Frog Glow,page-75-04-frog-glow,75
sus,Prototypes,Have Hope,page-75-11-have-hope,75
sus,Prototypes,Laurel Crown Gold,page-75-07-laurel-crown-gold,75
sus,Prototypes,Laurel Crown Silver,page-75-06-laurel-crown-silver,75
sus,Prototypes,Monkey Glow,page-75-03-monkey-glow,75
sus,Prototypes,Pig Gold,page-75-02-pig-gold,75
sus,Prototypes,Pig White,page-75-01-pig-white,75
sus,Prototypes,Wink Left Eye,page-75-08-wink-left-eye,75
sus,Prototypes,Wink Right Eye,page-75-10-wink-right-eye,75
sus,Qixi Festival 2022 Paper Display Kit,Lop Ear Rabbit,page-51-01-lop-ear-rabbit,51
sus,Qixi Festival 2022 Paper Display Kit,Qixi Robby Angel,page-51-02-qixi-robby-angel,51
sus,Qixi Festival Gift Collection 2020,Qixi Robby Angel,page-51-04-qixi-robby-angel,51
sus,Qixi Festival Gift Collection 2020,Rose Bouquet,page-51-03-rose-bouquet,51
sus,Rabbit Popularity Poll 2024,Cherry Blossom Rabbit,page-43-10-cherry-blossom-rabbit,43
sus,Rabbit Popularity Poll 2024,Dreaming Rabbit,page-43-11-dreaming-rabbit,43
sus,Rabbit Popularity Poll 2024,Captain Bunny,page-44-11-captain-bunny,44
sus,Rabbit Popularity Poll 2024,Colorful Coke Rabbit,page-44-06-colorful-coke-rabbit,44
sus,Rabbit Popularity Poll 2024,Hat Rabbit,page-44-14-hat-rabbit,44
sus,Rabbit Popularity Poll 2024,Hippers Animal Rabbit,page-44-01-hippers-animal-rabbit,44
sus,Rabbit Popularity Poll 2024,Kiss Mark Rabbit,page-44-09-kiss-mark-rabbit,44
sus,Rabbit Popularity Poll 2024,Moon Rabbit,page-44-15-moon-rabbit,44
sus,Rabbit Popularity Poll 2024,Orange Rabbit,page-44-10-orange-rabbit,44
sus,Rabbit Popularity Poll 2024,Photo Contest Figure Robby Winner,page-44-13-photo-contest-figure-robby-winner,44
sus,Rabbit Popularity Poll 2024,Rabbit,page-44-03-rabbit,44
sus,Rabbit Popularity Poll 2024,Rabbit,page-44-04-rabbit,44
sus,Rabbit Popularity Poll 2024,Rabbit,page-44-07-rabbit,44
sus,Rabbit Popularity Poll 2024,Rabbit Strawberry Chocolate,page-44-16-rabbit-strawberry-chocolate,44
sus,Rabbit Popularity Poll 2024,Robbit,page-44-12-robbit,44
sus,Rabbit Popularity Poll 2024,Robby,page-44-05-robby,44
sus,Rabbit Popularity Poll 2024,Rose Rabbit,page-44-17-rose-rabbit,44
sus,SAPPINESS -Love Yourself Series- 2023,Dazzling Color,page-59-01-dazzling-color,59
sus,SAPPINESS -Love Yourself Series- 2023,Red,page-59-02-red,59
sus,SAPPINESS Key Chain 2021,SAPPINESS Gift Cat,page-59-05-sappiness-gift-cat,59
sus,SAPPINESS Key Chain 2021,SAPPINESS Red Rabbit,page-59-03-sappiness-red-rabbit,59
sus,SAPPINESS Key Chain 2021,SAPPINESS White Rabbit,page-59-04-sappiness-white-rabbit,59
sus,Seoul Series,Seoul Strawberry Robby Angel,page-62-21-seoul-strawberry-robby-angel,62
sus,Sonny Angel Live-Eye Doll Costume,Bee Style,page-88-08-bee-style,88
sus,Sonny Angel Live-Eye Doll Costume,Butterfly Style,page-88-15-butterfly-style,88
sus,Sonny Angel Live-Eye Doll Costume,Cow Style,page-88-07-cow-style,88
sus,Sonny Angel Live-Eye Doll Costume,Frog Style,page-88-02-frog-style,88
sus,Sonny Angel Live-Eye Doll Costume,Kangaroo Style,page-88-11-kangaroo-style,88
sus,Sonny Angel Live-Eye Doll Costume,Ladybug Style,page-88-10-ladybug-style,88
sus,Sonny Angel Live-Eye Doll Costume,Mouse Style,page-88-04-mouse-style,88
sus,Sonny Angel Live-Eye Doll Costume,Panda Style,page-88-03-panda-style,88
sus,Sonny Angel Live-Eye Doll Costume,Panda Style,page-88-09-panda-style,88
sus,Sonny Angel Live-Eye Doll Costume,Pig Style,page-88-05-pig-style,88
sus,Sonny Angel Live-Eye Doll Costume,Rabbit Style,page-88-01-rabbit-style,88
sus,Sonny Angel Live-Eye Doll Costume,Rabbit Style,page-88-13-rabbit-style,88
sus,Sonny Angel Live-Eye Doll Costume,Rabbit Style Pink,page-88-14-rabbit-style-pink,88
sus,Sonny Angel Live-Eye Doll Costume,Tiger Style,page-88-12-tiger-style,88
sus,Sonny Angel Live-Eye Doll Costume,Tiger Style,page-88-06-tiger-style,88
sus,Sonny Angel Official Costume Series1,Fawn,page-94-05-fawn,94
sus,Sonny Angel Official Costume Series1,Mouse,page-94-07-mouse,94
sus,Sonny Angel Official Costume Series1,Rabbit,page-94-06-rabbit,94
sus,Sonny Angel Official Costume Series2,Calico Cat,page-94-04-calico-cat,94
sus,Sonny Angel Official Costume Series2,Cow,page-94-03-cow,94
sus,Sonny Angel Official Costume Series2,Frog,page-94-02-frog,94
sus,Sonny Angel Official Costume Series2,Rabbit (Refined),page-94-01-rabbit-refined,94
sus,Sonny Angel Official Store Taiwan,Mango Rabbit,page-76-13-mango-rabbit,76
sus,Sonny Angel Terrace Ishigaki,Shiso,page-76-09-shiso,76
sus,Sonny Angel Terrace Ishigaki,Shiso,page-76-10-shiso,76
sus,Sonny Angel Terrace Ishigaki Limited,Ishigaki Pineapple,page-76-08-ishigaki-pineapple,76
sus,Sonny Angel Terrace Seoul Limited,Seoul Lucky Bag Blue,page-76-12-seoul-lucky-bag-blue,76
sus,Sonny Angel Terrace Seoul Limited,Seoul Lucky Bag Pink,page-76-11-seoul-lucky-bag-pink,76
sus,Sonny Angel Terrace Seoul Limited Stuffed,Strawberry Robby Angel,page-89-05-strawberry-robby-angel,89
sus,Special Color 2007,Cabbage,page-65-04-cabbage,65
sus,Special Color 2007,Elephant,page-65-01-elephant,65
sus,Special Color 2007,Lion,page-65-02-lion,65
sus,Special Color 2007,Monkey,page-65-07-monkey,65
sus,Special Color 2007,Muscat,page-65-10-muscat,65
sus,Special Color 2007,Paprika Red,page-65-05-paprika-red,65
sus,Special Color 2007,Paprika Yellow,page-65-09-paprika-yellow,65
sus,Special Color 2007,Parakeet,page-65-08-parakeet,65
sus,Special Color 2007,Sheep,page-65-06-sheep,65
sus,Special Color 2007,Tiger,page-65-03-tiger,65
sus,Sticker Pack Series1,Classic Animal Pack,page-93-06-classic-animal-pack,93
sus,Sticker Pack Series1,Cute Animal Pack,page-93-08-cute-animal-pack,93
sus,Sticker Pack Series1,Marine Pack,page-93-09-marine-pack,93
sus,Sticker Pack Series1,Pop Animal Pack,page-93-07-pop-animal-pack,93
sus,Sticker Pack Series1,Secret Pack,page-93-10-secret-pack,93
sus,Sticker Pack Series2,Flower Pack,page-93-11-flower-pack,93
sus,Sticker Pack Series2,Fruit Pack,page-93-13-fruit-pack,93
sus,Sticker Pack Series2,Secret Pack,page-93-15-secret-pack,93
sus,Sticker Pack Series2,Sweets Pack,page-93-14-sweets-pack,93
sus,Sticker Pack Series2,Vegetable Pack,page-93-12-vegetable-pack,93
sus,Summer Photo Contest Figure 2017,Summer Photo Contest Figure 2017,page-78-02-summer-photo-contest-figure-2017,78
sus,Summer Vacation Series 2017,White Swimwear,page-49-11-white-swimwear,49
sus,Sweets Series,Patissier,page-17-13-patissier,17
sus,Sweets Series,Robby Angel,page-17-14-robby-angel,17
sus,The Sonny Angel Town Musicians,Chipmunk,page-54-07-chipmunk,54
sus,Unrefined Animal Series Ver. 1,Chipmunk,page-18-13-chipmunk,18
sus,Unrefined Animal Series Ver. 1,Robby Angel,page-18-14-robby-angel,18
sus,Unrefined Animal Series Ver. 2,Robby Angel,page-18-28-robby-angel,18
sus,Unrefined Animal Series Ver. 3,Robby Angel,page-19-14-robby-angel,19
sus,Unrefined Animal Series Ver. 4,Dragon,page-19-27-dragon,19
sus,Unrefined Animal Series Ver. 4,Robby Angel,page-19-28-robby-angel,19
sus,Unrefined Flower Series,Robby Angel,page-21-14-robby-angel,21
sus,Unrefined Fruit Series,Robby Angel,page-20-28-robby-angel,20
sus,Unrefined Fruit Series,Seed Leaf,page-20-27-seed-leaf,20
sus,Unrefined Marine Series,Robby Angel,page-20-14-robby-angel,20
sus,Unrefined Marine Series,Turtle,page-20-13-turtle,20
sus,Unrefined Vegetable Series,Robby Angel,page-21-28-robby-angel,21
sus,Unrefined Vegetable Series,Shiitake,page-21-27-shiitake,21
sus,Valentine Event Shenzhen Limited,Gold Love Robby Angel,page-76-16-gold-love-robby-angel,76
sus,Valentine Event Shenzhen Limited,Pink Love Robby Angel,page-76-18-pink-love-robby-angel,76
sus,Valentine Event Shenzhen Limited,Purple Love Robby Angel,page-76-20-purple-love-robby-angel,76
sus,Valentine Event Shenzhen Limited,Red Rose Robby Angel,page-76-17-red-rose-robby-angel,76
sus,Valentine Event Shenzhen Limited,White Rose Robby Angel,page-76-19-white-rose-robby-angel,76
sus,Valentine's Day Series,Cats,page-39-13-cats,39
sus,Valentine's Day Series,Checelate,page-39-06-checelate,39
sus,Valentine's Day Series,Choceiata,page-39-04-choceiata,39
sus,Valentine's Day Series,Ea Fe,page-39-18-ea-fe,39
sus,Valentine's Day Series,Easter Bunny,page-39-08-easter-bunny,39
sus,Valentine's Day Series,Easter Bunny,page-39-21-easter-bunny,39
sus,Valentine's Day Series,Easter Cow,page-39-10-easter-cow,39
sus,Valentine's Day Series,Easter Lamb,page-39-11-easter-lamb,39
sus,Valentine's Day Series,Hatched Egg,page-39-22-hatched-egg,39
sus,Valentine's Day Series,Hoiched Eada,page-39-09-hoiched-eada,39
sus,Valentine's Day Series,Lon,page-39-05-lon,39
sus,Valentine's Day Series,Love,page-39-17-love,39
sus,Valentine's Day Series,Mocha Porakest,page-39-02-mocha-porakest,39
sus,Valentine's Day Series,Panda,page-39-01-panda,39
sus,Valentine's Day Series,Point,page-39-23-point,39
sus,Valentine's Day Series,Py Cupeake,page-39-19-py-cupeake,39
sus,Valentine's Day Series,Strawherry,page-39-20-strawherry,39
sus,Vegetable Series,Robby Angel,page-16-14-robby-angel,16
sus,Vegetable Series,Shiitake,page-16-13-shiitake,16
sus,Wagen Bus Type II Key Light,Wagen Bus Type II Key Light,page-91-21-wagen-bus-type-ii-key-light,91
sus,Winter Wonderland Series,Sonny Angel Wooden Christmas Tree,page-30-11-sonny-angel-wooden-christmas-tree,30
sus,With Colette,Colette Rabbit,page-74-02-colette-rabbit,74
sus,Wooden Display,Apartment,page-93-02-apartment,93
sus,Wooden Display,Forest,page-93-04-forest,93
sus,Wooden Display,Sky,page-93-01-sky,93
sus,Wooden Display,Store,page-93-03-store,93
sus,Workshop Event,Birthday Cake,page-86-07-birthday-cake,86
sus,Workshop Event,Cockerel,page-86-05-cockerel,86
sus,Workshop Event,Elephant,page-86-02-elephant,86
sus,Workshop Event,Monkey,page-86-04-monkey,86
sus,Workshop Event,Mouse,page-86-09-mouse,86
sus,Workshop Event,Rabbit,page-86-01-rabbit,86
sus,Workshop Event,Sheep,page-86-06-sheep,86
sus,Workshop Event,Shiba Inu,page-86-03-shiba-inu,86
sus,Workshop Event,Uribou,page-86-08-uribou,86
